0,begin again,Supreme 's Opened Superb Reviews amp Word mouth Audience
1,begin again,I know article fake ass tries jumping I moving way fall Then
2,begin again,Supreme 's Opened Superb Reviews amp Word mouth Audience
3,begin again,Failure opportunity begin intelligently
4,begin again,Supreme 's Opened Superb Reviews amp Word mouth Audience
5,begin again,Supreme 's Opened Superb Reviews amp Word mouth Audience
6,begin again,No better way deal insanity world right watching Andrzej Zulawski 's insanity film P
7,begin again,Supreme 's Opened Superb Reviews amp Word mouth Audience
8,begin again,"Top Male idols solo songs Gaon Chen Beautiful Goodbye ,663,752 Kyungsoo -That 's Okay ,738,984 Chen"
9,begin again,Happy Holiday 's everyone last day offices open January th Programs begin
10,begin again,Playing league means always I get put bronze begin arduous job climbing back fuck
11,begin again,Supreme 's Opened Superb Reviews amp Word mouth Audience
12,begin again,Supreme 's Opened Superb Reviews amp Word mouth Audience
13,begin again,Supreme 's Opened Superb Reviews amp Word mouth Audience
14,begin again,I know article fake ass tries jumping I moving way fall Then
15,begin again,Supreme 's Opened Superb Reviews amp Word mouth Audience
16,begin again,Supreme 's Opened Superb Reviews amp Word mouth Audience
17,begin again,Supreme 's Opened Superb Reviews amp Word mouth Audience
18,begin again,TBH called protests lacked backbone since began last friday It never momentum begin It w
19,begin again,Supreme Sai Dharam Tej 's Opened Superb Reviews amp Word mouth Audience Director Maruth
20,begin again,Hate begin Donald Trump end But defining moment nation history A mome
21,begin again,TBH called protests lacked backbone since began last friday It never momentum begin It w
22,begin again,"Top Male idols solo songs Gaon Chen Beautiful Goodbye ,663,752 Kyungsoo -That 's Okay ,738,984 Chen"
23,begin again,Wow superb news KK Congratulations featuring year Forbes India list yet AGAIN.. What fantastic wa
24,begin again,I know article fake ass tries jumping I moving way fall Then
25,begin again,Won reading ET E C even close keyboard Also I serious doubts
26,begin again,Taylor Swift Begin Again RT amp follow like song
27,begin again,Supreme 's Opened Superb Reviews amp Word mouth Audience
28,begin again,NEW As preparations Brexit begin looks might store NHS social care ht
29,begin again,Failure simply opportunity begin time intelligently SHOIYEN ForGUESSPH
30,begin again,I know article fake ass tries jumping I moving way fall Then
31,begin again,Look making You 've got You Take deep breath ... begin
32,begin again,teaching heart flowers gone open cold Good night good people Be kind curious
33,begin again,Someone told go Begin Again They said would absolutely love invited love
34,begin again,NEW As preparations Brexit begin looks might store NHS social care ht
35,begin again,ending tragic refuse ever begin
36,begin again,Supreme 's Opened Superb Reviews amp Word mouth Audience
37,begin again,I know article fake ass tries jumping I moving way fall Then
38,begin again,Supreme 's Opened Superb Reviews amp Word mouth Audience
39,begin again,Despite whatever always begin
40,begin again,I miss days Neither mine get home Christmas That begin compare missing tho
41,begin again,Supreme 's Opened Superb Reviews amp Word mouth Audience
42,begin again,Supreme 's Opened Superb Reviews amp Word mouth Audience
43,begin again,Supreme 's Opened Superb Reviews amp Word mouth Audience
44,begin again,It time year companies begin close early festive season need us Fi
45,begin again,`` And fast begin 're ''
46,begin again,Supreme 's Opened Superb Reviews amp Word mouth Audience
47,begin again,Supreme 's Opened Superb Reviews amp Word mouth Audience
48,begin again,Try One good El Ni Midwest sm
49,begin again,annnd shootings begin
50,begin again,Despicable begin describe You never given opportunit
51,begin again,Some early clouds give way mainly sunny skies afternoon Chilly today High Weather rema
52,begin again,When days short really matter sunrise sunset occurs Sunday
53,begin again,If Bojo gives pride n't much proud begin
54,begin again,Supreme 's Opened Superb Reviews amp Word mouth Audience
55,begin again,Begin Again Jikook au Wherein met dating app feelings change continue talk e
56,begin again,Supreme 's Opened Superb Reviews amp Word mouth Audience
57,begin again,Man started drawing aseprite begin making design oc way easier j
58,begin again,Begin Again Jikook au Wherein met dating app feelings change continue talk e
59,begin again,Supreme 's Opened Superb Reviews amp Word mouth Audience
60,begin again,Failure simply opportunity begin time intelligently Henry Ford December 00PM
61,begin again,`` No matter hard past always begin ''
62,begin again,Supreme 's Opened Superb Reviews amp Word mouth Audience
63,begin again,The world made fail recover begin
64,begin again,Supreme 's Opened Superb Reviews amp Word mouth Audience
65,begin again,`` 'Begin Again got bad relationship finally dust start dating '' Taylor Swift
66,begin again,Supreme 's Opened Superb Reviews amp Word mouth Audience
67,begin again,Supreme 's Opened Superb Reviews amp Word mouth Audience
68,begin again,Supreme 's Opened Superb Reviews amp Word mouth Audience
69,begin again,Supreme 's Opened Superb Reviews amp Word mouth Audience
70,begin again,No matter hard past You always begin Reason
71,begin again,today When begin save main category
72,begin again,It bible app The devotional called Always begin
73,begin again,`` You begin think competing amp vision success gets little sharper ''
74,begin again,Thank even begin cover We incredible time seeing guys past months T
75,begin again,Begin Again Jikook au Wherein met dating app feelings change continue ta
76,begin again,"Top Male idols solo songs Gaon Chen Beautiful Goodbye ,663,752 Kyungsoo -That 's Okay ,738,984 Chen"
77,begin again,Supreme 's Opened Superb Reviews amp Word mouth Audience
78,begin again,Supreme 's Opened Superb Reviews amp Word mouth Audience
79,begin again,"Top Male idols solo songs Gaon Chen Beautiful Goodbye ,663,752 Kyungsoo -That 's Okay ,738,984 Chen"
80,begin again,We always begin
81,begin again,Supreme 's Opened Superb Reviews amp Word mouth Audience
82,begin again,"Top Male idols solo songs Gaon Chen Beautiful Goodbye ,663,752 Kyungsoo -That 's Okay ,738,984 Chen"
83,begin again,Thank Voting begin soon
84,begin again,The I Thought You 'd Be Beyond My Imagination But Then I Think Again You Are Way Beyond My Imagination Award giv
85,begin again,`` Trains move quickly To journey 's end Destinations Are begin '' Josh Groban Believe North amp South
86,begin again,"Top Male idols solo songs Gaon Chen Beautiful Goodbye ,663,752 Kyungsoo -That 's Okay ,738,984 Chen"
87,begin again,Supreme 's Opened Superb Reviews amp Word mouth Audience
88,begin again,Supreme 's Opened Superb Reviews amp Word mouth Audience
89,begin again,Supreme Sai Dharam Tej 's Opened Superb Reviews amp Word mouth Audience Director Maruth
90,begin again,Supreme 's Opened Superb Reviews amp Word mouth Audience
91,begin again,You got go back got ta go back got ta go back time To Bethlehem To begin Bethle
92,begin again,ending tragic refuse ever begin
93,begin again,Supreme 's Opened Superb Reviews amp Word mouth Audience
94,begin again,Hello dear friend Charis Thank great 's gray cold Yes Christmas coming soon
95,begin again,They 've crushed soon begin eating Trump victorious He support
96,begin again,Supreme 's Opened Superb Reviews amp Word mouth Audience
97,begin again,"Top Male idols solo songs Gaon Chen Beautiful Goodbye ,663,752 Kyungsoo -That 's Okay ,738,984 Chen"
98,begin again,Supreme 's Opened Superb Reviews amp Word mouth Audience
99,begin again,Thank Voting begin soon
